map_id,run_index,sensor_seed,planner_seed,gained_true_utility,total_true_utility,task_completion,coverage_efficiency,global_final_rmse,global_mean_rmse,global_auc_rmse,occupied_final_rmse,occupied_mean_rmse,occupied_auc_rmse,final_total_variance,variance_reduction
20,0,143,20042,311.9347229003906,843.6165771484375,0.3697588825895067,0.0024487343217848125,0.05056028813123703,0.061155532399813334,9.108361214399338,0.04577647149562836,0.055060753772656124,8.202029407024384,10.732270670506956,15.80053032949305
20,1,143,20043,320.56878662109375,843.6165771484375,0.379993465401864,0.002516513015906384,0.048134032636880875,0.06100995518267155,9.087737759575248,0.05814608931541443,0.06303355378409227,9.391764599829912,10.105100470728088,16.427700529271917
20,2,143,20044,259.49383544921875,843.6165771484375,0.3075968899595958,0.002037065496421164,0.05918746069073677,0.06775192936261495,10.09350717253983,0.05385660380125046,0.06223985883096854,9.274855099618435,13.905170833037577,12.62763016696243
20,3,143,20045,305.0655212402344,843.6165771484375,0.36161631895784446,0.0023948100593234735,0.04962515830993652,0.06037217025955518,8.991324458271265,0.05648069828748703,0.06260746205846468,9.328683536499739,10.044785041498315,16.48801595850169
20,4,143,20046,278.24420166015625,843.6165771484375,0.3298230608514917,0.0021842586811357066,0.04985233023762703,0.06061561691264312,9.02772787027061,0.04567282646894455,0.05591549962759018,8.330293107777834,10.69740801249226,15.835392987507745
21,0,144,21042,254.44895935058594,710.4962768554688,0.35812849080185494,0.0023717118596149334,0.0450671911239624,0.05641429389516513,8.405965022742748,0.043775543570518494,0.058474139471848804,8.71326432004571,10.345811486457166,16.18698951354284
21,1,144,21043,225.7761993408203,710.4962768554688,0.3177725298435988,0.002104453840023833,0.04627583920955658,0.056584722598393755,8.430925004184246,0.0478476881980896,0.059301522051294644,8.8353356346488,9.953200094084718,16.57960090591529
21,2,144,21044,240.6913604736328,710.4962768554688,0.33876512560894806,0.002243477653039391,0.04460113123059273,0.05394610847036044,8.03597023896873,0.04703451693058014,0.05554350554943085,8.272039745002985,10.470339589568855,16.06246141043115
21,3,144,21045,259.5762634277344,710.4962768554688,0.36534500163262384,0.0024195033220703564,0.04835733398795128,0.05671337634325027,8.449182318523526,0.05060707405209541,0.057776690845688185,8.605231260880828,9.632903719470006,16.89989728053
21,4,144,21046,258.6712951660156,710.4962768554688,0.36407128874882944,0.0024110681374094663,0.04391425475478172,0.05650246428946654,8.41976705007255,0.04435183107852936,0.05855273303886255,8.724765211343765,10.710812894162295,15.821988105837711
22,0,145,22042,394.3065185546875,1055.4534912109375,0.37358966722663806,0.0024741037564678017,0.06503789126873016,0.10912605519096057,16.263453885912895,0.06733343005180359,0.06709666023651759,9.997259553521872,11.839335040789493,14.693465959210513
22,1,145,22043,396.3538818359375,1055.4534912109375,0.3755294621094055,0.0024869500801947384,0.06505988538265228,0.10609455853700638,15.808718390762806,0.06578052043914795,0.0684736326833566,10.204581875354052,10.675341784883566,15.85745921511644
22,2,145,22044,370.50946044921875,1055.4534912109375,0.3510429057599949,0.0023247874553642047,0.06698872148990631,0.10575048064192136,15.756142288446426,0.06668884307146072,0.07034995193282763,10.48557560145855,12.192547008692653,14.340253991307353
22,3,145,22045,388.40850830078125,1055.4534912109375,0.3680015382346733,0.0024370962796998233,0.06006728485226631,0.10315812724332014,15.370749996975064,0.06507345288991928,0.0695640986164411,10.368505299091339,10.53396373377554,15.998837266224466
22,4,145,22046,411.49945068359375,1055.4534912109375,0.38987928327516763,0.0025819820084448187,0.057832375168800354,0.10067946806550027,15.000068575143814,0.0646534115076065,0.06976353004574776,10.398630034178495,10.556818222814819,15.975982777185187
23,0,146,23042,212.6568145751953,647.4739379882812,0.32844073266628415,0.0021751041898429415,0.05482068657875061,0.06864890719453494,10.22364903613925,0.05402049794793129,0.07068771171073118,10.526536332443357,10.940974262129034,15.591826737870973
23,1,146,23043,221.99034118652344,647.4739379882812,0.3428560257981245,0.002270569707272348,0.057141758501529694,0.06913154890139897,10.294884756207466,0.05463043600320816,0.07018731805185477,10.451172314584255,9.826356083924987,16.70644491607502
23,2,146,23044,217.89254760742188,647.4739379882812,0.3365271323266228,0.0022286565054743233,0.05342227220535278,0.06524901231129965,9.714364010840654,0.050359610468149185,0.06517872348427772,9.702018542215228,9.549184208534097,16.98361679146591
23,3,146,23045,237.2742919921875,647.4739379882812,0.3664615331536047,0.0024268975705536737,0.05433933809399605,0.0660531011223793,9.834518799558282,0.053436681628227234,0.06793915008505186,10.114543996751308,9.40538742017672,17.127413579823287
23,4,146,23046,207.29449462890625,647.4739379882812,0.32015882411109203,0.0021202571133184904,0.05697395280003548,0.06765544816851615,10.07355354912579,0.054805729538202286,0.06790935451785723,10.109390137717128,11.041279082687957,15.491521917312049
24,0,147,24042,178.6608428955078,518.7958984375,0.34437597412314797,0.002280635590219523,0.06937482208013535,0.11322366212805113,16.878481168299913,0.07239274680614471,0.12036514287193616,17.943363048136234,11.364806922330263,15.167994077669743
24,1,147,24043,158.94366455078125,518.7958984375,0.30637031832650347,0.002028942505473533,0.07055935263633728,0.11731019611159961,17.490869000554085,0.07415329664945602,0.12507776349782943,18.64937586709857,10.813376496353447,15.71942450364656
24,2,147,24044,174.8997344970703,518.7958984375,0.33712628612490986,0.002232624411423244,0.05663030594587326,0.11216385242839655,16.725881971418858,0.05868256092071533,0.11939366991321246,17.804497197270393,11.401342194491807,15.131458805508199
24,3,147,24045,193.9369354248047,518.7958984375,0.3738212580494572,0.0024756374705262067,0.05989323556423187,0.1133219044158856,16.897958304733038,0.06158532574772835,0.12028885764380295,17.937323974445462,9.07895369669109,17.453847303308915
24,4,147,24046,192.55075073242188,518.7958984375,0.37114933119622323,0.002457942590703465,0.0788942351937294,0.10812080517411232,16.108292918652296,0.082318015396595,0.11460862676302593,17.074922997504473,10.707469992071697,15.825331007928309
25,0,148,25042,42.88282012939453,253.6352996826172,0.1690727599157346,0.0011196871517598318,0.06803668290376663,0.13429249003529548,20.000973898917437,0.06875728070735931,0.13620293279488882,20.285529755055904,11.207737822220498,15.325063177779509
25,1,148,25043,42.3948974609375,253.6352996826172,0.1671490424005954,0.0011069473006661947,0.06821925938129425,0.13313175350427628,19.82677213102579,0.06887499243021011,0.13500811065236729,20.106247577816248,10.676825897079821,15.855975102920185
25,2,148,25044,103.92215728759766,253.6352996826172,0.4097306542805324,0.00271344804159293,0.11611521989107132,0.15924490546186765,23.71979694440961,0.11740099638700485,0.1614470864335696,24.047830943018198,10.986964511466084,15.545836488533922
25,3,148,25045,57.413848876953125,253.6352996826172,0.2263637945853637,0.0014990979773865146,0.05323084443807602,0.1323622987419367,19.71884812414646,0.05352379381656647,0.1342042828599612,19.993349008262157,8.514153492494502,18.018647507505506
25,4,148,25046,100.06291198730469,253.6352996826172,0.3945149279793347,0.0026126816422472497,0.11011289805173874,0.14228667169809342,21.17906304076314,0.11164932698011398,0.14435102865099908,21.486298110336065,11.088103637562748,15.444697362437259
